{"cameraMode":{"drawMode":0,"name":"Shaded","section":"Shading Mode"},"sceneLighting":false,"audioPlay":false,"sceneViewState":{"m_AlwaysRefresh":false,"showFog":true,"showSkybox":false,"showFlares":true,"showImageEffects":true,"showParticleSystems":true,"showVisualEffectGraphs":true,"m_FxEnabled":true},"in2DMode":false,"pivot":{"x":-0.011999998241662979,"y":1.2359999418258668,"z":3.5169999599456789},"rotation":{"x":0.34620174765586855,"y":-0.4870261549949646,"z":0.21856153011322022,"w":0.7715071439743042},"size":0.21650634706020356,"orthographic":false}