{"cameraMode":{"drawMode":0,"name":"Shaded","section":"Shading Mode"},"sceneLighting":false,"audioPlay":false,"sceneViewState":{"m_AlwaysRefresh":false,"showFog":true,"showSkybox":false,"showFlares":true,"showImageEffects":true,"showParticleSystems":true,"showVisualEffectGraphs":true,"m_FxEnabled":true},"in2DMode":false,"pivot":{"x":33.071720123291019,"y":57.35961151123047,"z":-162.04965209960938},"rotation":{"x":0.10836511105298996,"y":0.4909062385559082,"z":-0.06266292929649353,"w":0.8630527257919312},"size":20.381071090698243,"orthographic":false}