{"cameraMode":{"drawMode":0,"name":"Shaded","section":"Shading Mode"},"sceneLighting":false,"audioPlay":false,"sceneViewState":{"m_AlwaysRefresh":false,"showFog":true,"showSkybox":false,"showFlares":true,"showImageEffects":true,"showParticleSystems":true,"showVisualEffectGraphs":true,"m_FxEnabled":true},"in2DMode":false,"pivot":{"x":-1.3376083374023438,"y":0.43034350872039797,"z":-0.6069204807281494},"rotation":{"x":0.03802717849612236,"y":-0.9538208246231079,"z":0.26460766792297366,"w":0.1371491253376007},"size":2.6861469745635988,"orthographic":false}