{"cameraMode":{"drawMode":0,"name":"Shaded","section":"Shading Mode"},"sceneLighting":false,"audioPlay":false,"sceneViewState":{"m_AlwaysRefresh":false,"showFog":true,"showSkybox":false,"showFlares":true,"showImageEffects":true,"showParticleSystems":true,"showVisualEffectGraphs":true,"m_FxEnabled":true},"in2DMode":false,"pivot":{"x":-2.829744338989258,"y":-0.7633006572723389,"z":2.90887188911438},"rotation":{"x":0.12676101922988892,"y":-0.41707727313041689,"z":0.060174405574798587,"w":0.8985161781311035},"size":3.6073946952819826,"orthographic":false}