{"cameraMode":{"drawMode":0,"name":"Shaded","section":"Shading Mode"},"sceneLighting":true,"audioPlay":false,"sceneViewState":{"m_AlwaysRefresh":false,"showFog":true,"showSkybox":true,"showFlares":true,"showImageEffects":true,"showParticleSystems":true,"showVisualEffectGraphs":true,"m_FxEnabled":true},"in2DMode":false,"pivot":{"x":379.3123779296875,"y":35.967960357666019,"z":-748.5358276367188},"rotation":{"x":0.014603402465581894,"y":-0.9850082397460938,"z":0.10679648816585541,"w":0.1346907913684845},"size":3.2132761478424074,"orthographic":false}