{"cameraMode":{"drawMode":0,"name":"Shaded","section":"Shading Mode"},"sceneLighting":true,"audioPlay":false,"sceneViewState":{"m_AlwaysRefresh":false,"showFog":true,"showSkybox":true,"showFlares":true,"showImageEffects":true,"showParticleSystems":true,"showVisualEffectGraphs":true,"m_FxEnabled":true},"in2DMode":false,"pivot":{"x":4.081141471862793,"y":8.368270874023438,"z":16.50372886657715},"rotation":{"x":0.17646966874599458,"y":-0.21425087749958039,"z":0.03939139470458031,"w":0.9599199295043945},"size":11.809272766113282,"orthographic":false}