{"cameraMode":{"drawMode":0,"name":"Shaded","section":"Shading Mode"},"sceneLighting":true,"audioPlay":false,"sceneViewState":{"m_AlwaysRefresh":false,"showFog":true,"showSkybox":true,"showFlares":true,"showImageEffects":true,"showParticleSystems":true,"showVisualEffectGraphs":true,"m_FxEnabled":true},"in2DMode":false,"pivot":{"x":-124.36682891845703,"y":-0.4285222291946411,"z":5.5552592277526859},"rotation":{"x":0.10024549067020416,"y":-0.20444069802761079,"z":0.02106051705777645,"w":0.9735352396965027},"size":5.48981237411499,"orthographic":false}