{"cameraMode":{"drawMode":0,"name":"Shaded","section":"Shading Mode"},"sceneLighting":true,"audioPlay":false,"sceneViewState":{"m_AlwaysRefresh":false,"showFog":true,"showSkybox":true,"showFlares":true,"showImageEffects":true,"showParticleSystems":true,"showVisualEffectGraphs":true,"m_FxEnabled":true},"in2DMode":false,"pivot":{"x":58.67593765258789,"y":26.252857208251954,"z":34.345062255859378},"rotation":{"x":-0.11251197010278702,"y":-0.06304724514484406,"z":0.005459986627101898,"w":-0.9921952486038208},"size":87.93804931640625,"orthographic":false}