{"cameraMode":{"drawMode":0,"name":"Shaded","section":"Shading Mode"},"sceneLighting":true,"audioPlay":false,"sceneViewState":{"m_AlwaysRefresh":false,"showFog":true,"showSkybox":true,"showFlares":true,"showImageEffects":true,"showParticleSystems":true,"showVisualEffectGraphs":true,"m_FxEnabled":true},"in2DMode":false,"pivot":{"x":40.17363357543945,"y":-541.4520874023438,"z":501.36444091796877},"rotation":{"x":0.39324095845222475,"y":0.012607106007635594,"z":0.005749381612986326,"w":0.9200480580329895},"size":479.19720458984377,"orthographic":false}