{"cameraMode":{"drawMode":0,"name":"Shaded","section":"Shading Mode"},"sceneLighting":true,"audioPlay":false,"sceneViewState":{"m_AlwaysRefresh":false,"showFog":true,"showSkybox":true,"showFlares":true,"showImageEffects":true,"showParticleSystems":true,"showVisualEffectGraphs":true,"m_FxEnabled":true},"in2DMode":false,"pivot":{"x":-36.66752624511719,"y":53.282527923583987,"z":-159.84970092773438},"rotation":{"x":-0.10111277550458908,"y":0.43675926327705386,"z":-0.04948260635137558,"w":-0.8925167918205261},"size":44.65088653564453,"orthographic":false}